Name,Price,Review,Total Review
musical works SAB-13 Acoustic Guitar Tonewood Rosewood ...,"₹4,779",4.1,"(19,383)"
musical works 038H Acoustic Guitar Tonewood Rosewood Ri...,"₹4,865",4.5,(102)
Medellin MED-BLU-C Acoustic Guitar Linden Wood Rosewood...,"₹2,099",4,(269)
"YAMAHA F280 Acoustic Guitar, Natural Acoustic Guitar Ro...","₹7,990",4,(80)
Givson Cambridge Semi-acoustic Guitar Rosewood Rosewood...,"₹5,497",4,"(1,968)"
"BLUEBERRY 40C Black Acoustic Guitar Basswood, Mahogany,...","₹3,999",4.1,(804)
musical works SAB-09 Acoustic Guitar Tonewood Rosewood ...,"₹4,549",4.1,"(19,383)"
musical works SAB-12 Acoustic Guitar Tonewood Rosewood ...,"₹4,649",4.5,(39)
intern INT-38C-LGP-BLS Acoustic Guitar Linden Wood Rose...,"₹1,799",3.2,(11)
KADENCE KAD-NAT-C (with online Courses) Acoustic Guitar...,"₹4,999",4.1,"(40,855)"
musical works SAB-05 Acoustic Guitar Tonewood Rosewood ...,"₹4,688",4,(240)
Medellin MED-SUN-C Acoustic Guitar Linden Wood Rosewood...,"₹2,330",4.2,(573)
"YAMAHA FS80C - NATURAL WITH COVER , BELT , STRING SET ,...","₹9,699",3.7,(15)
KADENCE M38BKMAT(with Online Classes) Semi-acoustic Gui...,"₹2,099",4.2,(57)
REVEL RVL-38C-LGP-RD Acoustic Guitar Linden Wood Ebony ...,"₹1,799",4.3,(125)
RockJam RJW-101-N-PK Acoustic Guitar Linden Wood Hard W...,"₹4,829",4.3,(9)
"BLUEBERRY B-40Y-Sunburst, 40"" Acoustic Guitar Spruce Ro...","₹4,190",4,(50)
"BLUEBERRY B-38C Retro Brown, 38 Inch Acoustic Guitar Li...","₹2,156",4.2,(900)
BLUEBERRY B-D38-BROWN 38Inch Inbuilt TrussRod Acoustic ...,"₹2,156",4.3,(35)
YAMAHA F280SUNBURST Acoustic Guitar Rosewood Rosewood R...,"₹7,990",4.3,(80)
"YAMAHA Fsx80c Semi-acoustic Guitar Spruce, Rosewood Ros...","₹12,990",4,(98)
Givson Venus Rose Semi-acoustic Guitar Rosewood Rosewoo...,"₹4,999",3.8,(87)
KADENCE KAD-FNTR-BRN-C(with Online Classes) Acoustic Gu...,"₹4,444",4.1,"(3,125)"
"YAMAHA F280 Acoustic Guitar, Natural Acoustic Guitar Ro...","₹7,990",4,(269)
GAMMA AUDIO YD-D40Q Acoustic Guitar Basswood Plastic,"₹4,734",4.1,(28)
Playvista 4-String Guitar Musical Instrument for Boys G...,₹425,3.8,(38)
KADENCE A06-EQ(with Online Classes) Semi-acoustic Guita...,"₹6,999",3.7,(112)
GAMMA AUDIO YD-D38Q Acoustic Guitar Spruce Plastic,"₹3,304",4.1,(919)
"BLUEBERRY 38C Blue, 38 Inch Acoustic Guitar Linden Wood...","₹2,246",4.4,(595)
Givson CB-BLUE Semi-acoustic Guitar Rosewood Rosewood R...,"₹5,199",4,(76)
KADENCE Frontier Acoustic Guitar 40'' with Die cast key...,"₹4,324",4,(11)
intern INT-CF01-BK Acoustic Guitar Carbon Fibre Carbon ...,"₹2,599",4.2,(573)
intern INT-38C-NT-L Acoustic Guitar Linden Wood Linden ...,"₹2,199",3.7,(112)
KADENCE KAD-FNTR-BLK-SC(with Online Classes) Acoustic G...,"₹5,899",0,0
YAMAHA F310 Acoustic Guitar Tonewood Rosewood Right Han...,"₹10,490",0,0
BLUEBERRY B-40EQ-GL Builtin Equalizer Electric Semi-aco...,"₹4,595",0,0
GAMMA AUDIO YS-D40Q Acoustic Guitar Spruce Plastic,"₹5,399",0,0
"BLUEBERRY B-40L-Sunbrust,40"" Acoustic Guitar Spruce Ebo...","₹4,299",0,0
intern INT-38C-SB-L Acoustic Guitar Linden Wood Linden ...,"₹2,199",0,0
GKzon 2 Acoustic Guitar Plastic Plastic Right Hand Orie...,₹459,0,0
musical works SAB-13 Acoustic Guitar Tonewood Rosewood ...,"₹4,779",3.5,(14)
musical works 038H Acoustic Guitar Tonewood Rosewood Ri...,"₹4,865",4.4,(39)
Belear I-480MH Semi-acoustic Guitar Basswood Tech Wood ...,"₹4,695",3.7,(66)
"YAMAHA FSX 80C - NATURAL WITH COVER , BELT , STRING SET...","₹13,990",4,(106)
Hobner 265 Export Acoustic Guitar Rosewood Rosewood,"₹4,899",3.6,(17)
KADENCE KAD-BLK-41J-EQ-C(with Online Classes) Acoustic ...,"₹6,845",4.2,(573)
musical works SAB-09 Acoustic Guitar Tonewood Rosewood ...,"₹4,549",3.9,(141)
musical works SAB-12 Acoustic Guitar Tonewood Rosewood ...,"₹4,649",3.7,(3)
Chordz BLACK ACOUSTIC GUITAR FOR BEGINEERS Acoustic Gui...,"₹2,989",4,(47)
"BLUEBERRY ,VIP-401, 40Inch TrussRod Acoustic Guitar Bas...","₹4,139",4,(55)
musical works SAB-05 Acoustic Guitar Tonewood Rosewood ...,"₹4,688",4.4,(73)
"BLUEBERRY B-40 Acoustic Guitar Basswood, Mahogany Rosew...","₹4,595",4.1,(51)
YEMAHAA CM 2 Semi-acoustic Guitar Rosewood Rosewood Rig...,"₹4,985",4.5,(4)
Signature 0265 Semi-acoustic Guitar Tonewood Tonewood R...,"₹4,449",4.1,(30)
"intern INT-P41C-NT Acoustic Guitar Meranti, Rosewood Ba...","₹3,999",3.7,(112)
intern INT-P40CEQ-WH Acoustic Guitar Rosewood Rosewood ...,"₹4,599",4.1,(20)
Chordz BROWN ACOUSTIC GUITAR FOR BEGINEERS Acoustic Gui...,"₹2,849",4.1,(30)
"YAMAHA F - 280 TBS WITH COVER , BELT , STRING SET , CAP...","₹9,299",4.1,"(2,553)"
KADENCE KAD-A05EQN(with Online Classes) Acoustic Guitar...,"₹7,499",3.9,(12)
Signature Musicals PBVC234 Acoustic Guitar Rosewood Oak...,"₹4,999",4,(5)
"KADENCE KMANBK (Acoustic Mandolin Black,A style,F Holes...","₹6,999",5,(3)
GAMMA AUDIO QD-H40Q-BB Acoustic Guitar Basswood Plastic,"₹4,529",4.1,(9)
intern INT-38C-BL-L Acoustic Guitar Linden Wood Linden ...,"₹2,199",4.2,(39)
KADENCE KFR77-BK(with Online Classes) Acoustic Guitar S...,"₹6,999",3.7,(84)
Givson JUMBO STANDARD Acoustic Guitar Rosewood Rosewood...,"₹4,999",4.1,(19)
"BLUEBERRY B-D38 Sunburst Inbuilt Truss Rod with Bag, St...","₹2,606",3.9,(16)
intern INT-38C-BLS-G Acoustic Guitar Linden Wood Linden...,"₹2,145",4.1,(30)
KADENCE A-06-EQ(with Online Classes) Acoustic Guitar As...,"₹8,099",0,0
Mbiswas Maple Acoustic Guitar Rosewood Rosewood,"₹3,999",0,0
musical works SAB-11 Acoustic Guitar Tonewood Rosewood ...,"₹4,669",0,0
YAMAHA C 40 Acoustic Classical Folk Guitar ( Natural ) ...,"₹8,990",0,0
DevMusical DV41C Matt Spruce Wood Acoustic Guitar Acous...,"₹4,501",0,0
"YAMAHA FSX80C Black with Padded Bag, String, Belt, Plec...","₹14,300",0,0
musical works 038F Acoustic Guitar Tonewood Rosewood Ri...,"₹4,482",0,0
Barodian's super Semi-acoustic Guitar Plastic Plastic R...,"₹1,399",0,0
GAMMA AUDIO QD-H40Q-BB Acoustic Guitar Basswood Plastic,"₹5,189",0,0
Hertz HZA 4010 Acoustic Guitar Linden Wood Rosewood,"₹7,990",0,0
FENDER 0970713019 (Redondo Player electric Jaed) Semi-a...,"₹29,663",0,0
KADENCE 39 Classical Guitar with EQ Nylon Strings Semi ...,"₹13,999",0,0
"YAMAHA F280 Acoustic Guitar, Natural with Padded Carry ...","₹8,595",0,0
GKzon Music Acoustic String Set 4 WITH NORMAL BRIGHT TO...,₹429,3.2,(5)
"YAMAHA F280 Acoustic Guitar Rosewood, Solid Spruce Rose...","₹7,490",4.6,(5)
KADENCE KAD-FNTR-BLK FR01 BLACKJ)(with Online Classes) ...,"₹4,999",3.8,(8)
Chordz GTL39BLACK Acoustic Guitar Rosewood Rosewood Rig...,"₹2,849",4.1,(78)
twelfthnote QA 2022 40C Semi-acoustic Guitar Rosewood R...,"₹5,299",4.3,(19)
KADENCE GenZ Lavender with Bright Tonal output(with Onl...,"₹6,299",3.9,(14)
KADENCE KAD-FNTR-BLU-C(with Online Classes) Acoustic Gu...,"₹5,499",4.3,(7)
YAMAHA FSX80C Semi-acoustic Guitar Tonewood Rosewood,"₹12,990",3.7,(3)
Signature SIGNATUREE GUITAR INI BLUE COLOR WITH BAG BEL...,"₹4,490",2.5,(4)
Gibz's Guitar G39M-BK Acoustic Guitar Linden Wood Synth...,"₹7,050",4.2,(9)
YAMAHA FX280 TBS Semi-acoustic Guitar Tonewood Rosewood,"₹11,990",3.9,(38)
KADENCE FNTR34(with Online Classes) Acoustic Guitar Bas...,"₹3,989",3.6,(38)
YAMAHA FSX80C NATURAL Semi-acoustic Guitar Tonewood Ton...,"₹13,990",3.8,(17)
"DRTRAEDER Toy Guitar for Kids - 17""17 Inches Music Toy ...",₹474,3.5,(35)
DevMusical DV41Matte Inch Mahogany Wood Acoustic Guitar...,"₹4,900",4.1,(167)
"YAMAHA F280 TBS With Padded Bag, Belt, Plectrums and St...","₹8,740",3.4,(10)
"A,Acoustio black mat venus Acoustic Guitar Rosewood Ros...","₹3,190",3.9,(17)
swan7 40C Semi-Acoustic Guitar -Black Matt Maven Series...,"₹5,092",2.8,(8)
Signature Che Acoustic Guitar Rosewood Rosewood Right H...,"₹4,999",4.8,(4)
KADENCE Acoustica Series 41'' Acoustic Guitar Solid Woo...,"₹20,999",3.3,(11)
Armonia A-38C 38 Inch Acoustic Guitar Linden Wood Lamin...,"₹2,199",3.9,(47)
KADENCE KAD-SH-01(with Online Classes) Acoustic Guitar ...,"₹10,999",0,0
KADENCE KAD-A-311(with Online Classes) Acoustic Guitar ...,"₹7,599",0,0
P S Signature BlackMate001 Acoustic Guitar Linden Wood ...,"₹3,584",0,0
KADENCE KSLAG-10 Silent Guitar - For Travel - Portable ...,"₹24,999",0,0
Medellin Acoustic Guitar Neon Orange Learning Guitar Co...,"₹2,284",0,0
KADENCE Acoustica 41'' Solid Wood Semi Acoustic Guitar ...,"₹20,999",0,0
KADENCE 12 strings Slowhand Premium KSH03-12EQ(with Onl...,"₹13,499",0,0
Gibz's Guitar TG40-EQ-Antique-Brown Semi-acoustic Guita...,"₹13,399",0,0
KADENCE KAD-FNTR41J-BLK(with Online Classes) Acoustic G...,"₹5,499",0,0
Royall Tone Maple Wood Natural Timber Grain Semi-acoust...,"₹4,999",0,0
Signature 265 ACOUSTIC Semi-acoustic Guitar Tonewood To...,"₹4,199",0,0
YEMAHAA CM2 BLUE Semi-acoustic Guitar Mahogany Rosewood...,"₹4,999",0,0
Chordz ACOUSTIC GUITAR FOR BEGINEERS Acoustic Guitar To...,"₹2,849",0,0
"YAMAHA FX280 Natural with Padded Bag, String, Belt, Ple...","₹13,390",0,0
Gibz's Guitar D41CEQ-BK Semi-acoustic Guitar Linden Woo...,"₹28,900",0,0
"KADENCE KFNTR-BLU (Guitar Frontier Series, Blue Acousti...","₹4,699",0,0
"intern INT-P41C-SB Acoustic Guitar Rosewood, Meranti Ro...","₹3,999",0,0
Givson Venus special Acoustic Guitar Linden Wood Rosewo...,"₹4,444",0,0
TONVAZ MAMO2024 Acoustic Guitar Tonewood Rosewood Left ...,"₹4,000",0,0
"TechBlaze Guitar Capo with 5 Picks, Quick Change Trigge...",₹243,4,(417)
Zeitel Guitar Picks 24 Pcs Guitar Picks for Acoustic Gu...,₹387,2.8,(4)
Gibz's Guitar TG40-Antique-Natural Acoustic Guitar Spru...,"₹12,899",4,(90)
Chordz BROWN ACOUSTIC GUITAR FOR BEGINEERS Acoustic Gui...,"₹2,849",4.1,(201)
Gibz's Guitar G39M-NT Acoustic Guitar Linden Wood Synth...,"₹7,050",2.6,(11)
Chordz BLACK ACOUSTIC GUITAR FOR BEGINEERS Acoustic Gui...,"₹2,989",4.3,(25)
TechBlaze Guitar Metal Alloy Capo + 360 Degree Guitar T...,₹499,3.9,(26)
TechBlaze Metal Alloy Guitar Capo Full Set of 6 Acousti...,₹323,3.6,(23)
Ashton D20CEQ Semi acoustic guitar Semi-acoustic Guitar...,"₹12,000",3,(3)
KADENCE KAD-SH-04-C(with Online Classes) Acoustic Guita...,"₹13,000",3.1,(7)
TechBlaze Guitar Capo for Acoustic Guitars Metal Alloy ...,₹375,4.1,(36)
Mocking Bird Acoustic Guitar String with Metal Capo & P...,₹337,4.4,(5)
YAMAHA F310 (TBS ) With Blueberry Bag Acoustic Guitar S...,"₹10,190",3.4,(5)
Belear I-720-BLG 40 Inch Blue Glossy Dual Action Truss ...,"₹3,783",2,(4)
intern INT-41C-BL Acoustic Guitar Rosewood Rosewood Rig...,"₹3,399",4.3,(33)
KADENCE Frontier series Q10 (Hand Rest) Sunburst Semi A...,"₹5,999",4.2,(6)
PENNYCREEK Clutch Guitar Capo,₹225,4.3,(23)
musical works SAB-13 Acoustic Guitar Tonewood Rosewood ...,"₹4,779",3.3,(6)
swan7 D-40C NAT Semi-acoustic Guitar Spruce Rosewood Ri...,"₹5,299",3,(3)
KADENCE Acoustica Series Black A06 Guitar with Bag(with...,"₹9,999",4.7,(10)
Mocking Bird 3Meter Delux XLR Cable Male To Female Cond...,₹343,0,0
musical works 038H Acoustic Guitar Tonewood Rosewood Ri...,"₹4,865",0,0
swan7 40C Maven Series Spruce Wood White Glossy Acousti...,"₹5,998",0,0
"BLUEBERRY ,VIP-404, 40Inch TrussRod Acoustic Guitar Sap...","₹4,200",0,0
Givson F-HOLE 215 SPECIAL Semi-acoustic Guitar Mahogany...,"₹4,999",0,0
"YAMAHA F - 310 TBS WITH COVER , BELT , STRING SET , CAP...","₹11,699",0,0
PENNYCREEK Clutch Guitar Capo,₹245,0,0
musical works SAB-09 Acoustic Guitar Tonewood Rosewood ...,"₹4,549",0,0
YAMAHA F310 Nat Acoustic Guitar Linden Wood Carbon Fibr...,"₹10,000",0,0
Armonia AR-38S Acoustic Guitar Linden Wood Linden Wood ...,"₹2,199",0,0
"Mocking Bird XLR Cable, 3 Meter XLR Male to XLR Female ...",₹540,0,0
musical works SAB-05 Acoustic Guitar Tonewood Rosewood ...,"₹4,688",0,0
Gibz's Guitar G36-BR Acoustic Guitar Basswood Rosewood ...,"₹6,999",0,0
KADENCE KAD-SH-103-C(with Online Classes) Acoustic Guit...,"₹17,500",0,0
"YAMAHA C - 40 - NATURAL WITH COVER , BELT , STRING SET ...","₹9,999",0,0
RIYUZONE Classical Series Mini Guitar Toy Acoustic Guit...,₹439,0,0
Kaspar UKELEL - 024 - LW Acoustic Guitar Rosewood Plast...,"₹2,848",0,0
Gibz's Guitar G38M-Black Acoustic Guitar Basswood Synth...,"₹4,899",0,0
YAMAHA FG830 Acoustic Guitar Spruce Rosewood Right Hand...,"₹31,499",0,0
Hertz hza4000 Semi-acoustic Guitar Rosewood Rosewood Ri...,"₹8,299",0,0
musical works SAB-13 Acoustic Guitar Tonewood Rosewood ...,"₹4,779",3.2,(12)
musical works 038H Acoustic Guitar Tonewood Rosewood Ri...,"₹4,865",4.4,(15)
KADENCE KAD-SH-101(with Online Classes) Acoustic Guitar...,"₹16,399",3.4,(7)
SHARPNAL Brown Plastic 4 String Acoustic Guitar for Kid...,₹459,1,(2)
Givson GIVSONN OXFORD WITH BAG PICK AND BELT Acoustic G...,"₹4,499",3.3,(3)
"Signature TOPAZ BLUE GLOOSY FINISH , NOT MAT Semi-acous...","₹5,998",0,0
musical works SAB-09 Acoustic Guitar Tonewood Rosewood ...,"₹4,549",0,0
musical works SAB-12 Acoustic Guitar Tonewood Rosewood ...,"₹4,649",0,0
musical works SAB-07 Acoustic Guitar Tonewood Rosewood ...,"₹4,689",0,0
swan7 SW40C-AMH All Mahogany Body Rosewood Fretboard wi...,"₹6,499",0,0
musical works SAB-05 Acoustic Guitar Tonewood Rosewood ...,"₹4,688",0,0
Tathastu 0013 Acoustic Guitar Boxwood Boxwood Right Han...,₹778,0,0
YAMAHA FS100C Acoustic Guitar Spruce Rosewood Right Han...,"₹10,599",0,0
Trinity TNY 4010 Acoustic Guitar Mahogany Rosewood Righ...,"₹6,500",0,0
twelfthnote QA 2022 40CE SUN Semi-acoustic Guitar Rosew...,"₹5,499",0,0
YAMAHA C40M Matte (Natural) Classical Guitar Spruce Ros...,"₹8,490",0,0
YAMA YAMAHA F 280 GUITAR WITH KIT Acoustic Guitar Rosew...,"₹9,990",0,0
Esh Creations E36M-NT Acoustic Guitar Linden Wood Synth...,"₹5,499",0,0
KADENCE KAD-SHL-03-C(with Online Classes) Acoustic Guit...,"₹14,999",0,0
YAMAHA F310 Natural Acoustic Guitar Whitewood Whitewood...,"₹9,680",0,0
YAMAHA C 40 Acoustic Classical Folk Guitar ( Natural ) ...,"₹8,490",0,0
"MANN Acoustic Guitar, 36 Inch , 3034M with Strings, Pic...","₹6,500",0,0
musical works GUITAR-I Acoustic Guitar Tonewood Rosewoo...,"₹4,099",0,0
HOPHNER 8777096223 Acoustic Guitar Rosewood Rosewood Ri...,"₹3,299",0,0
Chord Vunus 2002 Acoustic Guitar Linden Wood Rosewood R...,"₹3,000",0,0
Armonia AR-38S Acoustic Guitar Acoustic Guitar Linden W...,"₹2,199",0,0
Armonia AR-38C Acoustic Guitar Linden Wood Laminated Ba...,"₹2,499",0,0
Music Mantra Hertz HZA-UKULELE Acoustic Guitar Rosewood...,"₹4,499",0,0
TATHATU 0013 Acoustic Guitar Boxwood Boxwood Right Hand...,₹778,0,0
Belear I-720-BLU 38 Inch Blue Burst Dual Action Truss R...,"₹2,807",0,0
Urban Infotech 38 Inch Cutaway design Guitar with Bag a...,"₹3,299",0,0
GKzon 4-String Kids Guitar Musical Instrument for Boys ...,₹409,0,0
twelfthnote QA2022 41CE NAT Semi-acoustic Guitar Rosewo...,"₹5,699",0,0
Signature RBK - M Acoustic Guitar Tonewood Rosewood Rig...,"₹4,899",0,0
Esh Creations E38-NT Semi-acoustic Guitar Linden Wood S...,"₹4,899",0,0
YAMA F 310 WITH KIT Acoustic Guitar Rosewood Rosewood R...,"₹10,791",0,0
MUSIKING SIGNATURE 265 Semi-acoustic Guitar Tonewood To...,"₹3,548",0,0
rising star music hub CLAPTON-RM-100-19-SCW Acoustic Gu...,"₹5,899",0,0
RIYUZONE Guitar Toy for Kids 4-String Acoustic Music Le...,₹439,0,0
YAMAHA F310 NATURAL COMBO Acoustic Guitar Tonewood Rose...,"₹11,499",0,0
MOOZMOB Professional Grade Youtube Collar Mic for Recor...,₹221,3.6,(29)
"TechBlaze Guitar Capo with 5 Picks, Quick Change Trigge...",₹243,4,(417)
D'ADDARIO PW-OPBKS O-Port Acoustic Sound Enhancement fo...,"₹2,489",3.8,(8)
KADENCE KAD-Q10-SUN-EQ(with Online Classes) Acoustic Gu...,"₹5,999",2.8,(4)
KADENCE GenZ Acoustic Guitar with Die Cast Keys and Bag...,"₹6,299",4.1,(201)
HIMSTORE Musical Instrument for Boys Girls Acoustic Gui...,₹432,3.8,(27)
Zeitel Guitar Picks 24 Pcs Guitar Picks for Acoustic Gu...,₹387,4.3,(25)
TechBlaze Metal Alloy Guitar Capo Full Set of 6 Acousti...,₹323,3.9,(9)
Kaspar GUITAR K10C RED Acoustic Guitar Solid Wood Linde...,"₹6,999",3.7,(3)
Urban Infotech 38 Inch Cutaway design Matt finish Guita...,"₹3,299",3.3,(38)
TechBlaze Guitar Capo for Acoustic Guitars Metal Alloy ...,₹375,4.4,(99)
Mocking Bird Acoustic Guitar String with Metal Capo & P...,₹337,4.5,(15)
"Urban Infotech 38 Inch Cutaway design Guitar with Bag, ...","₹4,273",3.9,(51)
GKzon 4-String Kids Toy Guitar Musical Instrument for B...,₹419,0,0
DevMusical DV41C Matte Spruce Wood Acoustic Guitar Acou...,"₹4,900",0,0
YAMAHA F310 Acoustic Folk Guitar ( Natural ) With Blueb...,"₹11,299",0,0
musical works 038H Acoustic Guitar Tonewood Rosewood Ri...,"₹4,865",0,0
musical works SAB-13 Acoustic Guitar Tonewood Rosewood ...,"₹4,779",0,0
Gibz's Guitar TG40-Antique-Brown Acoustic Guitar Spruce...,"₹12,899",0,0
BLACKSTAR BSAG-39C NT Acoustic Guitar Rosewood Rosewood...,"₹6,839",0,0
"TechBlaze 10 Foot DMX Light Cable, XLR Microphones Cabl...","₹1,391",0,0
musical works SAB-09 Acoustic Guitar Tonewood Rosewood ...,"₹4,549",0,0
swan7 40C Maven Series Spruce Wood White Glossy Acousti...,"₹5,075",0,0
Gibz's Guitar TG41-Antique-Gold Acoustic Guitar Sapele ...,"₹13,899",0,0
"BLUEBERRY 40C Sunburst Acoustic Guitar Basswood, Mahoga...","₹4,365",0,0
"YAMAHA F310 Natural ( Bundled Blueberry Bag, Belt, Stri...","₹10,691",0,0
musical works SAB-05 Acoustic Guitar Tonewood Rosewood ...,"₹4,688",0,0
Belear I-920BRN Semi-acoustic Guitar Basswood Tonewood ...,"₹4,751",0,0
YAMAHA F310-TBS Right Handed Acoustic Guitar (Tobacco S...,"₹11,499",0,0
B N D P-039 Acoustic Guitar Tonewood Rosewood Right Han...,"₹5,000",0,0
Gibz's Guitar G39M-SB Acoustic Guitar Linden Wood Synth...,"₹7,050",0,0
Gibz's Guitar G36-MBR Semi-acoustic Guitar Mahogany Mah...,"₹7,899",0,0
MANN Spruce Steel Guitar Spruce Mahogany Right Hand Ori...,"₹18,999",0,0
swan7 41 Inch Brown Semi-acoustic Guitar Mahogany Rosew...,"₹8,999",0,0
AMG Music 41 Inch Acoustic Guitar High Quality Glossy F...,"₹5,986",0,0
Gibz's Guitar G38M Acoustic Guitar Basswood Synthetic W...,"₹4,899",0,0
Givson venus special black Acoustic Guitar Tonewood Ros...,"₹4,444",0,0
Gibz's Guitar G36-BK Acoustic Guitar Basswood Rosewood ...,"₹6,999",0,0
Ortega RST5 NYLON Acoustic Guitar Mahogany Rosewood,"₹10,000",0,0
FENDER Squier SA135CE Acoustic Guitar Spruce Rosewood,"₹9,509",0,0
